BranchID,FromBus,ToBus,Branchtype (Line=1;Transformer=2),R [mOhm],X [mOhm],C [nF],Pmax,Length [km],VoltageFrom,VoltageTo,UpperVoltage,Sus,SUSxVol
1,1,2,1,1528,9062.3,325.05,491.56,27.91,220,220,220,0.107296862,5193.168138
2,3,5,1,3169.27,18041.67,847.86,491.56,57.89,220,220,220,0.053768077,2602.374914
3,6,7,1,1094.76,6492.84,232.89,491.56,20,220,220,220,0.149758263,7248.299944
4,8,9,1,967.79,9161.16,518.11,1790.25,35.35,380,380,380,0.107951749,15588.23253
5,8,5,2,18.05,28879.99,0,800,0,380,220,380,0.034626037,4999.999778
6,5,10,1,3419.45,19821.32,710.36,491.56,62.46,220,220,220,0.048992657,2371.244591
7,10,11,1,1993.53,11555.79,414.14,491.56,36.41,380,380,380,0.084035726,12134.75881
8,3,11,1,3884.69,23039.4,826.38,491.56,70.95,220,220,220,0.042204064,2042.676715
9,10,12,1,2417.06,14010.82,502.13,491.56,44.15,380,380,380,0.069310654,10008.45851
10,11,13,1,972.6,5791.55,211.29,491.56,17.76,220,220,220,0.167929414,8127.783647
11,12,14,1,995.29,5902.88,211.73,491.56,18.18,220,220,220,0.164725737,7972.72569
12,13,14,1,831.24,4949.83,180.58,491.56,15.18,220,220,220,0.196485941,9509.919539
13,11,15,1,2626.12,15222.69,545.56,491.56,47.97,220,220,220,0.063792877,3087.575264
14,14,16,1,3845.48,22806.84,818.04,491.56,70.24,220,220,220,0.042634415,2063.505707
15,15,16,1,2485.79,14742.78,528.8,491.56,45.4,220,220,220,0.065954748,3192.209802
16,17,18,1,1197.01,7099.27,254.64,491.56,21.86,220,220,220,0.136965696,6629.139702
17,18,19,1,1732.67,10276.18,368.59,491.56,31.65,220,220,220,0.094622365,4579.722446
18,14,18,1,2473.64,14670.72,526.21,491.56,45.18,220,220,220,0.066278706,3207.88937
19,20,21,1,1021.85,6060.4,217.38,491.56,18.66,220,220,220,0.160444235,7765.500954
20,21,22,1,1234.08,7319.1,262.52,491.56,22.54,220,220,220,0.13285189,6430.031471
21,22,24,1,1377.82,8204.55,299.32,491.56,25.17,220,220,220,0.118540543,5737.362282
22,25,24,2,18.05,28879.99,0,800,0,220,380,380,0.034626037,4999.999778
23,24,26,1,3194.38,18945.3,679.53,491.56,58.34,380,380,380,0.051324409,7411.244725
24,26,27,1,2041.12,12105.49,434.2,491.56,37.28,380,380,380,0.080323572,11598.72384
25,29,16,2,18.05,28879.99,0,800,0,220,380,380,0.034626037,4999.999778
26,16,30,1,1611.36,9556.71,342.78,491.56,29.43,220,220,220,0.101745941,4924.503527
27,28,30,1,766.33,4544.99,163.02,491.56,14,220,220,220,0.213940318,10354.71139
28,30,31,1,2836.6,16442.73,589.28,491.56,51.81,380,380,380,0.059059479,8528.188755
29,14,32,1,1896.11,11290.8,411.91,491.56,34.63,220,220,220,0.08613842,4169.099549
30,18,33,1,982.57,6038.43,226.31,491.56,17.95,220,220,220,0.161334215,7808.575988
31,34,35,2,18.05,28879.99,0,800,0,220,380,380,0.034626037,4999.999778
32,32,36,1,1708.94,10176.24,371.25,491.56,31.21,220,220,220,0.095572785,4625.722788
33,33,35,1,1022.3,6282.61,235.46,491.56,18.67,220,220,220,0.155063819,7505.088848
34,37,36,2,18.05,28879.99,0,800,0,220,380,380,0.034626037,4999.999778
35,29,37,1,2107.52,19387.7,1095.2,1790.25,76.99,220,220,220,0.050976725,2467.273479
36,38,39,1,565.86,5382.49,310.9,1790.25,20.67,380,380,380,0.18375669,26534.46604
37,39,40,1,767.82,7303.56,421.86,1790.25,28.05,380,380,380,0.135422807,19555.05327
38,40,41,1,798.03,7554.22,427.23,1790.25,29.15,380,380,380,0.130915342,18904.17543
39,33,42,1,1332.41,7723.52,276.8,491.56,24.34,220,220,220,0.125732732,6085.464215
40,43,44,1,989.49,5735.74,205.56,491.56,18.07,220,220,220,0.169306725,8194.445472
41,44,45,1,1372.57,7956.29,285.14,491.56,25.07,220,220,220,0.122054262,5907.426263
42,46,48,1,3860.25,22376.48,801.94,491.56,70.51,220,220,220,0.043398208,2100.473264
43,44,48,1,4718.27,27350.09,980.18,491.56,86.18,220,220,220,0.035506248,1718.502414
44,55,56,1,1799.92,10674.99,382.89,491.56,32.88,380,380,380,0.091087322,13153.00936
45,49,56,1,1282.97,7609.08,272.92,491.56,23.43,220,220,220,0.127788961,6184.985704
46,55,58,1,2196.26,13025.63,467.21,491.56,40.11,380,380,380,0.074649468,10779.38311
47,58,59,1,2165.32,12551.59,449.83,491.56,39.55,380,380,380,0.077368618,11172.02845
48,59,61,1,1359.84,7882.48,282.5,491.56,24.84,220,220,220,0.123197137,5962.741424
49,60,61,1,1257.53,7289.47,261.24,491.56,22.97,220,220,220,0.133219465,6447.822114
50,62,58,2,18.05,28879.99,0,800,0,220,380,380,0.034626037,4999.999778
51,62,63,1,2171.56,19976.78,1128.47,1790.25,79.33,220,220,220,0.049473509,2394.517816
52,63,60,2,18.05,28879.99,0,800,0,380,220,380,0.034626037,4999.999778
53,37,64,1,3865.47,35559.52,2008.73,1790.25,141.2,220,220,220,0.02779344,1345.202507
54,63,64,1,1789.45,16461.66,929.91,1790.25,65.37,380,380,380,0.060037774,8669.45453
55,48,65,1,1180.01,6998.42,251.02,491.56,21.55,380,380,380,0.138939398,20062.84905
56,48,65,1,1180.01,6998.42,251.02,491.56,21.55,380,380,380,0.138939398,20062.84905
57,61,66,1,1968.41,11410.16,408.92,491.56,35.95,220,220,220,0.085108282,4119.240829
58,64,65,2,18.05,28879.99,0,800,0,380,220,380,0.034626037,4999.999778
59,65,66,1,1969.67,11417.48,409.18,491.56,35.98,380,380,380,0.085053724,12281.75771
60,64,67,1,1080.34,10226.5,578.36,1790.25,39.46,380,380,380,0.096705921,13964.33503
61,46,68,1,3746.54,22217.02,828.07,491.56,68.43,220,220,220,0.043765949,2118.271947
62,48,68,1,3328.35,19739.83,708.03,491.56,60.79,380,380,380,0.049258594,7112.94099
63,67,68,2,18.05,28879.99,0,800,0,220,380,380,0.034626037,4999.999778
64,23,69,1,976.39,8982.1,507.39,1790.25,35.67,220,220,220,0.110032336,5325.565064
65,69,70,1,559.15,5143.8,290.57,1790.25,20.43,220,220,220,0.192138401,9299.49862
66,23,71,1,319.63,3025.6,171.11,1790.25,11.68,220,220,220,0.326865076,15820.26967
67,70,71,1,451,4148.86,234.37,1790.25,16.47,380,380,380,0.238215154,34398.26817
68,70,72,1,604.28,5558.97,314.02,1790.25,22.07,380,380,380,0.177788606,25672.67472
69,69,73,2,18.05,28879.99,0,800,0,220,380,380,0.034626037,4999.999778
70,73,74,1,1794.01,10639.96,381.64,491.56,32.77,380,380,380,0.09138722,13196.31453
71,75,76,1,1726.83,10241.54,367.35,491.56,31.54,220,220,220,0.094942404,4595.212362
72,74,76,1,2187.54,12680.4,454.45,491.56,39.96,220,220,220,0.076582695,3706.602458
73,78,79,1,2791.34,16554.94,593.8,491.56,50.98,380,380,380,0.058735117,8481.350825
74,80,79,2,18.05,28879.99,0,800,0,220,380,380,0.034626037,4999.999778
75,76,81,1,3171.55,18809.9,674.68,491.56,57.93,220,220,220,0.05169386,2501.982822
76,81,82,1,1711.1,10148.2,364,491.56,31.25,380,380,380,0.09581563,13835.77696
77,84,85,1,1254.15,7438.12,266.79,491.56,22.91,380,380,380,0.130726068,18876.84429
78,85,86,1,826.43,4901.43,175.81,491.56,15.09,220,220,220,0.198382219,9601.699402
79,84,87,1,1797.02,10416.7,373.32,491.56,32.82,380,380,380,0.09322523,13461.72315
80,87,88,1,3776.11,21888.75,784.46,491.56,68.97,220,220,220,0.044365216,2147.276473
81,88,91,1,4086.51,24233.08,903.22,491.56,74.64,220,220,220,0.040124864,1942.043434
82,90,91,2,18.05,28879.99,0,800,0,380,220,380,0.034626037,4999.999778
83,91,92,1,2222.59,12883.55,461.73,491.56,40.6,380,380,380,0.075375119,10884.16717
84,92,93,1,902.39,5230.84,187.46,491.56,16.48,220,220,220,0.185648813,8985.402561
85,81,95,1,1250.71,7447.62,271.71,491.56,22.84,380,380,380,0.130588247,18856.94288
86,79,96,1,2284.64,13243.23,474.62,491.56,41.73,220,220,220,0.073327965,3549.073509
87,79,97,1,2298.2,13630.2,488.89,491.56,41.98,220,220,220,0.071338372,3452.777185
88,93,99,1,2105.04,12484.59,447.8,491.56,38.45,220,220,220,0.077884513,3769.610434
89,95,96,1,1884.21,10922.07,391.43,491.56,34.41,220,220,220,0.08891163,4303.322876
90,98,99,1,1480.09,8778.18,314.86,491.56,27.03,220,220,220,0.110769717,5361.254299
91,99,100,1,1557.96,9030.91,323.65,491.56,28.46,220,220,220,0.10753058,5204.48005
92,91,101,1,782.96,4662.32,170.09,491.56,14.3,380,380,380,0.20860255,30122.20817
93,100,101,1,825.1,4893.51,175.52,491.56,15.07,220,220,220,0.198703223,9617.235992
94,99,102,1,1482.42,8791.96,315.35,491.56,27.08,220,220,220,0.110596076,5352.850077
95,102,103,1,2469.97,14317.54,513.12,491.56,45.11,220,220,220,0.06782584,3282.770672
96,99,105,1,2873.05,16654.02,596.85,491.56,52.48,220,220,220,0.05831019,2822.213209
97,103,104,2,6.05,9680,0,800,0,220,380,380,0.103305745,14917.34954
98,105,106,1,3494.76,20257.88,726.01,491.56,63.83,380,380,380,0.047936861,6922.082677
99,107,108,1,1352.72,8022.71,287.76,491.56,24.71,220,220,220,0.121200457,5866.102133
100,102,109,1,4152.48,24627.62,883.35,491.56,75.84,220,220,220,0.039482351,1910.94578
101,108,109,1,1201.71,7127.1,255.64,491.56,21.95,220,220,220,0.136430823,6603.251843
102,109,110,1,3914.44,23309.44,850.38,491.56,71.5,220,220,220,0.041724374,2019.459722
103,109,111,1,2855.3,17002.53,620.29,491.56,52.15,220,220,220,0.05720159,2768.556966
104,16,112,1,872.04,5054.88,181.16,491.56,15.93,220,220,220,0.192111165,9298.180398
105,31,112,1,3341.41,19368.95,694.15,491.56,61.03,220,220,220,0.050136901,2426.626007
106,31,113,1,844.99,5192.94,194.62,491.56,15.43,220,220,220,0.187601917,9079.932797
107,113,114,2,6.05,9680,0,800,0,220,380,380,0.103305745,14917.34954
108,67,115,1,1822.37,17250.6,975.61,1790.25,66.57,220,220,220,0.057329204,2774.73345
109,11,116,1,2309.87,13699.4,491.37,491.56,42.19,220,220,220,0.070978015,3435.335941
110,74,117,1,986.08,5715.94,204.85,491.56,18.01,220,220,220,0.169893145,8222.828232
111,75,117,1,1351.77,7835.75,280.82,491.56,24.69,220,220,220,0.123931891,5998.303534
112,67,69,1,2636.85,24257.08,1370.27,1790.25,96.32,220,220,220,0.040743625,1971.991443
113,23,25,1,1208.97,11444.19,647.23,1790.25,44.16,220,220,220,0.086416186,4182.543408
114,8,4,1,1584.64,15076.7,865.1,1790.25,57.89,380,380,380,0.065602791,9473.042992
115,4,37,1,4320.36,39744.21,2245.12,1790.25,157.82,380,380,380,0.024867054,3590.802582
116,41,64,1,3459.56,31825.49,1797.8,1790.25,126.38,380,380,380,0.031054398,4484.255048
117,41,54,1,3040.78,27972.95,1580.17,1790.25,111.08,380,380,380,0.035331325,5101.843273
118,54,62,1,1711.81,15747.41,889.56,1790.25,62.53,220,220,220,0.062760885,3037.626849
119,115,77,1,943.76,8933.66,505.25,1790.25,34.48,380,380,380,0.110700784,15985.19325
120,77,80,1,1404.94,13299.26,752.14,1790.25,51.32,220,220,220,0.074362277,3599.134226
121,115,69,1,1352.21,12800.05,723.91,1790.25,49.4,380,380,380,0.077262444,11156.69698
122,64,47,1,1804.52,16600.31,937.74,1790.25,65.92,380,380,380,0.059536324,8597.04525
123,47,72,1,1878.16,17277.74,976.01,1790.25,68.61,220,220,220,0.057202009,2768.577222
124,25,47,1,3913.59,36002.19,2033.74,1790.25,142.96,220,220,220,0.027451702,1328.66238
125,67,47,1,1873.27,17735.44,990.84,1790.25,68.43,220,220,220,0.055762184,2698.889721
126,64,38,1,4361.06,40118.62,2266.27,1790.25,159.31,380,380,380,0.02463498,3557.291149
127,41,62,1,3270.6,30087.15,1699.6,1790.25,119.47,380,380,380,0.032848621,4743.340911
128,80,83,1,3401.96,31295.63,1767.87,1790.25,124.27,220,220,220,0.031580174,1528.480423
129,115,83,1,2617.22,24076.54,1360.07,1790.25,95.61,380,380,380,0.041049146,5927.496692
130,83,89,1,3140.3,28888.53,1631.89,1790.25,114.71,220,220,220,0.034211551,1655.839092
131,89,80,1,5088.91,46814.33,2644.51,1790.25,185.9,220,220,220,0.021111515,1021.797313
132,26,113,1,1016.8,5894,211.23,491.56,18.57,380,380,380,0.164760588,23791.42892
133,25,114,1,1148.1,10920.83,630.8,1790.25,41.94,220,220,220,0.090567167,4383.450866
134,36,35,1,2401.89,14243.25,530.87,491.56,43.87,220,220,220,0.068267357,3304.140102
135,29,34,1,1025.46,9433.5,532.89,1790.25,37.46,220,220,220,0.104767204,5070.732691
136,25,34,1,3113.75,28644.29,1618.1,1790.25,113.74,220,220,220,0.034503262,1669.957864
137,34,37,1,1200.95,11370.13,635.22,1790.25,43.87,220,220,220,0.086979377,4209.801829
138,8,114,1,3491.01,33206.74,1918.05,1790.25,127.53,380,380,380,0.029785176,4300.979399
139,89,90,1,2043.26,19344.82,1080.75,1790.25,74.64,220,220,220,0.051123083,2474.35724
140,80,90,1,3322.45,30564.13,1726.55,1790.25,121.37,220,220,220,0.03233599,1565.061902
141,106,103,1,2570.33,15244.17,546.78,491.56,46.95,220,220,220,0.063785456,3087.216065
142,105,103,1,2082.87,12073.65,432.7,491.56,38.04,380,380,380,0.080431282,11614.27705
143,107,103,1,1183.47,7018.95,251.76,491.56,21.62,220,220,220,0.138533019,6704.998113
144,80,104,1,3289.58,30261.76,1709.47,1790.25,120.17,220,220,220,0.032659085,1580.699729
145,90,104,1,2110.96,19419.31,1096.98,1790.25,77.11,380,380,380,0.050893745,7349.056727
146,89,104,1,3988.96,36695.61,2072.91,1790.25,145.72,220,220,220,0.026932961,1303.55532
147,37,38,1,1346.23,12805.47,739.66,1790.25,49.18,220,220,220,0.077237981,3738.318275
148,53,51,1,3189.94,18918.97,678.59,491.56,58.26,380,380,380,0.051395839,7421.5592
149,40,52,1,1517.39,13958.89,788.53,1790.25,55.43,380,380,380,0.070802291,10223.85088
150,52,54,1,2327,21406.73,1209.25,1790.25,85,220,220,220,0.046168724,2234.56625
151,98,97,1,908.83,5390.13,193.33,491.56,16.6,220,220,220,0.18039575,8731.154282
152,51,49,1,3079.72,17852.02,639.79,491.56,56.25,380,380,380,0.054397155,7854.949231
153,62,57,1,833.36,7666.3,433.06,1790.25,30.44,220,220,220,0.128917649,6239.614201
154,57,50,1,764.19,7030.04,397.12,1790.25,27.92,220,220,220,0.14058548,6804.337216
155,50,63,1,2342.04,21545.09,1217.07,1790.25,85.55,220,220,220,0.045872234,2220.216138
156,5,7,1,1698.17,10071.55,361.25,491.56,31.02,220,220,220,0.096544858,4672.771125
157,47,71,1,2418.54,22248.79,1256.82,1790.25,88.35,220,220,220,0.044421354,2149.993517
158,71,23,1,319.63,3025.6,171.11,1790.25,11.68,380,380,380,0.326865076,47199.31696
159,12,15,1,1410.92,8178.57,293.11,491.56,25.77,220,220,220,0.118737011,5746.871338
160,41,50,1,2559.43,23544.89,1330.03,1790.25,93.5,380,380,380,0.041976046,6061.341033
161,50,64,1,1218.2,11206.56,633.05,1790.25,44.5,220,220,220,0.088191327,4268.460242
162,49,48,1,1260.61,7307.29,261.88,491.56,23.02,220,220,220,0.132894553,6432.096349
163,51,43,1,3592.22,20822.82,746.26,491.56,65.61,380,380,380,0.046636295,6734.280941
164,8,9,1,967.79,9161.16,518.11,1790.25,35.35,380,380,380,0.107951749,15588.23253
165,6,15,1,2678.59,15886.22,569.81,491.56,48.92,220,220,220,0.061207528,2962.444377
166,1,2,1,1528,9062.3,325.05,491.56,27.91,220,220,220,0.107296862,5193.168138
167,116,11,1,2309.87,13699.4,491.37,491.56,42.19,380,380,380,0.070978015,10249.22541
168,17,18,1,1197.01,7099.27,254.64,491.56,21.86,220,220,220,0.136965696,6629.139702
169,19,18,1,1732.67,10276.18,368.59,491.56,31.65,220,220,220,0.094622365,4579.722446
170,20,31,1,1702.39,10096.55,362.15,491.56,31.09,220,220,220,0.096305789,4661.200191
171,27,28,1,749.25,4443.68,159.39,491.56,13.68,220,220,220,0.218817843,10590.7836
172,53,51,1,3189.94,18918.97,678.59,491.56,58.26,380,380,380,0.051395839,7421.5592
173,78,79,1,2791.34,16554.94,593.8,491.56,50.98,380,380,380,0.058735117,8481.350825
174,86,85,1,826.43,4901.43,175.81,491.56,15.09,220,220,220,0.198382219,9601.699402
175,85,84,1,1254.15,7438.12,266.79,491.56,22.91,220,220,220,0.130726068,6327.141715
176,110,109,1,3914.44,23488.42,897.25,491.56,71.5,220,220,220,0.041423687,2004.906451
177,111,109,1,2855.3,17133.08,654.48,491.56,52.15,220,220,220,0.056789375,2748.605742
178,88,89,2,6.05,9680,0,800,0,220,380,380,0.103305745,14917.34954
179,75,115,2,6.05,9680,0,800,0,220,380,380,0.103305745,14917.34954
180,82,83,2,6.05,9680,0,800,0,220,380,380,0.103305745,14917.34954
181,46,47,2,6.05,9680,0,800,0,220,380,380,0.103305745,14917.34954
182,49,50,2,6.05,9680,0,800,0,220,380,380,0.103305745,14917.34954
183,3,4,2,6.05,9680,0,800,0,220,380,380,0.103305745,14917.34954
184,6,7,1,1094.76,6492.84,232.89,491.56,20,220,220,220,0.149758263,7248.299944
185,14,18,1,2473.64,14670.72,526.21,491.56,45.18,220,220,220,0.066278706,3207.88937
186,23,25,1,1208.97,11444.19,647.23,1790.25,44.16,220,220,220,0.086416186,4182.543408
187,83,25,1,3806.08,36028.52,2037.6,1790.25,139.03,220,220,220,0.027449454,1328.553572
188,36,42,1,1548.39,8975.44,321.67,491.56,28.28,220,220,220,0.108195142,5236.644894
189,8,5,2,18.05,28879.99,0,800,0,380,220,380,0.034626037,4999.999778
190,2,11,1,1805.01,10705.21,383.98,491.56,32.97,220,220,220,0.090830205,4396.181915
191,3,11,1,3884.69,23039.4,826.38,491.56,70.95,220,220,220,0.042204064,2042.676715
192,12,14,1,995.29,5902.88,211.73,491.56,18.18,220,220,220,0.164725737,7972.72569
193,13,14,1,831.24,4987.84,190.53,491.56,15.18,220,220,220,0.195069848,9441.380642
194,14,16,1,3845.48,22806.84,818.04,491.56,70.24,220,220,220,0.042634415,2063.505707
195,15,16,1,2485.79,14742.78,528.8,491.56,45.4,220,220,220,0.065954748,3192.209802
196,22,24,1,1377.82,8267.54,315.82,491.56,25.17,220,220,220,0.117686388,5696.02116
197,25,24,2,18.05,28879.99,0,800,0,220,380,380,0.034626037,4999.999778
198,29,16,2,18.05,28879.99,0,800,0,220,380,380,0.034626037,4999.999778
199,16,30,1,1611.36,9556.71,342.78,491.56,29.43,220,220,220,0.101745941,4924.503527
200,28,30,1,766.33,4544.99,163.02,491.56,14,220,220,220,0.213940318,10354.71139
201,14,32,1,1896.11,11377.49,434.62,491.56,34.63,220,220,220,0.085517703,4139.05682
202,18,33,1,982.57,6038.43,226.31,491.56,17.95,220,220,220,0.161334215,7808.575988
203,32,36,1,1708.94,10254.38,391.71,491.56,31.21,220,220,220,0.094884017,4592.386432
204,33,35,1,1022.3,6282.61,235.46,491.56,18.67,220,220,220,0.155063819,7505.088848
205,37,36,2,18.05,28879.99,0,800,0,220,380,380,0.034626037,4999.999778
206,38,39,1,565.86,5433.34,333.06,1790.25,20.67,380,380,380,0.182074013,26291.48743
207,55,56,1,1799.92,10674.99,382.89,491.56,32.88,380,380,380,0.091087322,13153.00936
208,48,68,1,3328.35,19739.83,708.03,491.56,60.79,380,380,380,0.049258594,7112.94099
209,73,74,1,1794.01,10639.96,381.64,491.56,32.77,380,380,380,0.09138722,13196.31453
210,75,76,1,1726.83,10241.54,367.35,491.56,31.54,220,220,220,0.094942404,4595.212362
211,76,81,1,3171.55,18809.9,674.68,491.56,57.93,220,220,220,0.05169386,2501.982822
212,81,82,1,1711.1,10148.2,364,491.56,31.25,380,380,380,0.09581563,13835.77696
213,82,84,1,2016.43,12007.31,438.05,491.56,36.83,220,220,220,0.080998313,3920.318326
214,93,94,1,1052.64,6268.21,228.68,491.56,19.23,220,220,220,0.155159445,7509.717121
215,81,95,1,1250.71,7504.81,286.68,491.56,22.84,380,380,380,0.129647097,18721.04075
216,79,97,1,2298.2,13630.2,488.89,491.56,41.98,220,220,220,0.071338372,3452.777185
217,93,99,1,2105.04,12484.59,447.8,491.56,38.45,220,220,220,0.077884513,3769.610434
218,94,95,1,1190.59,7089.66,258.65,491.56,21.75,220,220,220,0.137181744,6639.596403
219,99,102,1,1482.42,8791.96,315.35,491.56,27.08,220,220,220,0.110596076,5352.850077
220,107,108,1,1352.72,8022.71,287.76,491.56,24.71,220,220,220,0.121200457,5866.102133
221,102,109,1,4152.48,24627.62,883.35,491.56,75.84,220,220,220,0.039482351,1910.94578
222,108,109,1,1201.71,7127.1,255.64,491.56,21.95,220,220,220,0.136430823,6603.251843
223,31,113,1,844.99,5192.94,194.62,491.56,15.43,220,220,220,0.187601917,9079.932797
224,113,114,2,6.05,9680,0,800,0,220,380,380,0.103305745,14917.34954
225,106,103,1,2570.33,15244.17,546.78,491.56,46.95,220,220,220,0.063785456,3087.216065
226,37,38,1,1346.23,12926.43,792.38,1790.25,49.18,220,220,220,0.076530804,3704.090936
227,5,7,1,1698.17,10071.55,361.25,491.56,31.02,220,220,220,0.096544858,4672.771125
228,2,11,1,1805.01,10705.21,383.98,491.56,32.97,220,220,220,0.090830205,4396.181915
229,20,31,1,1702.39,10096.55,362.15,491.56,31.09,220,220,220,0.096305789,4661.200191
230,3,4,2,6.05,9680,0,800,0,220,380,380,0.103305745,14917.34954
231,109,103,1,3519.43,20400.86,731.13,491.56,64.28,220,220,220,0.047600891,2303.883109
232,2,3,1,4017.66,23288.93,834.64,491.56,73.38,220,220,220,0.041697885,2018.177653
233,73,69,2,6.05,9680,0,800,0,380,220,380,0.103305745,14917.34954
234,46,47,2,6.05,9680,0,800,0,220,380,380,0.103305745,14917.34954
235,36,32,1,1708.94,9732.98,407.92,491.56,31.21,220,220,220,0.09967069,4824.061403
236,3,1,1,4630.57,26841.74,961.96,491.56,84.58,220,220,220,0.036178695,1751.048821
237,109,106,1,3669.78,21272.37,762.37,491.56,67.03,220,220,220,0.045650723,2209.494989
238,83,25,1,3806.08,36028.52,2037.6,1790.25,139.03,220,220,220,0.027449454,1328.553572
239,102,100,1,916.16,5433.59,194.89,491.56,16.73,220,220,220,0.178952849,8661.317906
240,102,100,1,916.16,5433.59,194.89,491.56,16.73,220,220,220,0.178952849,8661.317906
241,3,4,2,6.05,9680,0,800,0,220,380,380,0.103305745,14917.34954
242,5,8,2,6.05,9680,0,800,0,220,380,380,0.103305745,14917.34954
243,29,16,2,18.05,28879.99,0,800,0,220,380,380,0.034626037,4999.999778
244,34,35,2,18.05,28879.99,0,800,0,220,380,380,0.034626037,4999.999778
245,37,36,2,18.05,28879.99,0,800,0,220,380,380,0.034626037,4999.999778
246,114,113,2,18.05,28879.99,0,800,0,220,380,380,0.034626037,4999.999778
247,25,24,2,18.05,28879.99,0,800,0,220,380,380,0.034626037,4999.999778
248,58,62,2,6.05,9680,0,800,0,380,220,380,0.103305745,14917.34954
249,63,60,2,18.05,28879.99,0,800,0,380,220,380,0.034626037,4999.999778
250,50,49,2,18.05,28879.99,0,800,0,220,380,380,0.034626037,4999.999778
251,64,65,2,18.05,28879.99,0,800,0,380,220,380,0.034626037,4999.999778
252,67,68,2,18.05,28879.99,0,800,0,220,380,380,0.034626037,4999.999778
253,47,46,2,18.05,28879.99,0,800,0,220,380,380,0.034626037,4999.999778
254,69,73,2,18.05,28879.99,0,800,0,220,380,380,0.034626037,4999.999778
255,115,75,2,18.05,28879.99,0,800,0,380,220,380,0.034626037,4999.999778
256,80,79,2,18.05,28879.99,0,800,0,220,380,380,0.034626037,4999.999778
257,104,103,2,18.05,28879.99,0,800,0,220,380,380,0.034626037,4999.999778
258,90,91,2,18.05,28879.99,0,800,0,380,220,380,0.034626037,4999.999778
259,89,88,2,18.05,28879.99,0,800,0,220,380,380,0.034626037,4999.999778
260,82,83,2,6.05,9680,0,800,0,220,380,380,0.103305745,14917.34954
261,109,111,1,2855.3,16261.92,681.55,491.56,52.15,220,220,220,0.059654271,2887.266694
262,109,110,1,3914.44,22294.11,934.37,491.56,71.5,220,220,220,0.043513423,2106.049658
263,31,113,1,844.99,4864.11,221.16,491.56,15.43,220,220,220,0.199564904,9658.941366
264,31,113,1,844.99,4864.11,221.16,491.56,15.43,220,220,220,0.199564904,9658.941366
265,33,35,1,1022.3,5884.77,267.57,491.56,18.67,220,220,220,0.164952166,7983.684824
266,33,35,1,1022.3,5884.77,267.57,491.56,18.67,220,220,220,0.164952166,7983.684824
267,93,94,1,1052.64,6316.33,241.28,491.56,19.23,220,220,220,0.154041517,7455.609406
268,45,46,1,1644.05,9750.56,349.74,491.56,30.03,220,220,220,0.099723122,4826.599125
269,18,33,1,982.57,5656.06,257.17,491.56,17.95,220,220,220,0.171622203,8306.514602
270,100,101,1,825.1,4893.51,175.52,491.56,15.07,220,220,220,0.198703223,9617.235992
271,91,101,1,782.96,4698.12,179.47,491.56,14.3,380,380,380,0.207099223,29905.12784
272,93,94,1,1052.64,5995.17,251.26,491.56,19.23,220,220,220,0.161812456,7831.722884
273,81,95,1,1250.71,7123.21,298.54,491.56,22.84,380,380,380,0.136187596,19665.48892
274,45,46,1,1644.05,9750.56,349.74,491.56,30.03,220,220,220,0.099723122,4826.599125
275,18,33,1,982.57,5656.06,257.17,491.56,17.95,220,220,220,0.171622203,8306.514602
276,49,56,1,1282.97,7609.08,272.92,491.56,23.43,220,220,220,0.127788961,6184.985704
277,55,58,1,2196.26,13025.63,467.21,491.56,40.11,380,380,380,0.074649468,10779.38311
278,82,84,1,2016.43,12099.5,462.2,491.56,36.83,220,220,220,0.080414643,3892.068717
279,94,95,1,1190.59,7144.09,272.9,491.56,21.75,220,220,220,0.136193276,6591.754563
280,82,84,1,2016.43,11484.28,481.32,491.56,36.83,220,220,220,0.084471386,4088.415081
281,94,95,1,1190.59,6780.84,284.19,491.56,21.75,220,220,220,0.143063859,6924.290753
282,11,13,1,972.6,5836.02,222.93,491.56,17.76,220,220,220,0.16671923,8069.210708
283,25,114,1,1148.1,11023.99,675.76,1790.25,41.94,220,220,220,0.089737933,4343.315953
284,40,41,1,798.03,7554.22,427.23,1790.25,29.15,380,380,380,0.130915342,18904.17543
285,115,77,1,943.76,8933.66,505.25,1790.25,34.48,380,380,380,0.110700784,15985.19325
286,39,40,1,767.82,7372.55,451.93,1790.25,28.05,380,380,380,0.134182886,19376.00875
287,26,27,1,2041.12,12105.49,434.2,491.56,37.28,380,380,380,0.080323572,11598.72384
288,21,22,1,1234.08,7319.1,262.52,491.56,22.54,220,220,220,0.13285189,6430.031471
289,115,69,1,1352.21,12800.05,723.91,1790.25,49.4,380,380,380,0.077262444,11156.69698
290,115,67,1,1822.37,17250.6,975.61,1790.25,66.57,380,380,380,0.057329204,8278.336988
291,77,80,1,1404.94,13299.26,752.14,1790.25,51.32,220,220,220,0.074362277,3599.134226
292,64,67,1,1080.34,10226.5,578.36,1790.25,39.46,380,380,380,0.096705921,13964.33503
293,22,24,1,1377.82,7847.17,328.88,491.56,25.17,220,220,220,0.123623299,5983.367666
294,24,26,1,3194.38,18945.3,679.53,491.56,58.34,380,380,380,0.051324409,7411.244725
295,25,114,1,1148.1,10323,710.67,1790.25,41.94,220,220,220,0.095687471,4631.273591
296,4,8,1,1584.64,15221.58,903.24,1790.25,57.89,380,380,380,0.064991833,9384.820665
297,8,114,1,3491.01,33520.41,2054.76,1790.25,127.53,380,380,380,0.029512468,4261.600402
298,98,99,1,1480.09,8778.18,314.86,491.56,27.03,220,220,220,0.110769717,5361.254299
299,39,38,1,565.86,5087.84,350.26,1790.25,20.67,380,380,380,0.194145583,28034.62222
300,37,38,1,1346.23,12104.46,833.31,1790.25,49.18,220,220,220,0.081604777,3949.671206
301,97,98,1,908.83,5390.13,193.33,491.56,16.6,220,220,220,0.18039575,8731.154282
302,39,40,1,767.82,6903.74,475.27,1790.25,28.05,380,380,380,0.143079214,20660.63855
303,91,101,1,782.96,4459.23,186.89,491.56,14.3,380,380,380,0.217547201,31413.81582
304,53,55,1,3000.79,17797.13,638.35,491.56,54.81,380,380,380,0.054635566,7889.375705
305,53,55,1,3000.79,17797.13,638.35,491.56,54.81,380,380,380,0.054635566,7889.375705
306,13,14,1,831.24,4734.22,198.42,491.56,15.18,220,220,220,0.20491089,9917.687067
307,6,15,1,2678.59,15886.22,569.81,491.56,48.92,220,220,220,0.061207528,2962.444377
308,27,28,1,749.25,4443.68,159.39,491.56,13.68,220,220,220,0.218817843,10590.7836
309,107,103,1,1183.47,7018.95,251.76,491.56,21.62,220,220,220,0.138533019,6704.998113
310,14,32,1,1896.11,10798.98,452.59,491.56,34.63,220,220,220,0.089831897,4347.863817
311,20,21,1,1021.85,6060.4,217.38,491.56,18.66,220,220,220,0.160444235,7765.500954
312,11,13,1,972.6,5539.28,232.16,491.56,17.76,220,220,220,0.175129771,8476.280924
313,8,114,1,3491.01,31388.92,2160.91,1790.25,127.53,380,380,380,0.031469121,4544.14102
314,34,35,2,18.05,28879.99,0,800,0,220,380,380,0.034626037,4999.999778
315,37,36,2,18.05,28879.99,0,800,0,220,380,380,0.034626037,4999.999778
